<?xml version="1.0" encoding="UTF-8"?>

<c3p0-config>

  <named-config name="javawebapp"> 
  
  	<property name="user">root</property>
    <property name="password">admin</property>
    <property name="jdbcUrl">jdbc:mysql:///bookstore</property>
    <property name="driverClass">com.mysql.jdbc.Driver</property>
  
    <property name="acquireIncrement">2</property>
    <property name="initialPoolSize">5</property>
    <property name="minPoolSize">5</property>
    <property name="maxPoolSize">10</property>

    <property name="maxStatements">20</property> 
    <property name="maxStatementsPerConnection">5</property>

  </named-config>
</c3p0-config>